<?xml version="1.0" encoding="UTF-8"?>
<beans xmlns="http://www.springframework.org/schema/beans"
       xmlns:xsi="http://www.w3.org/2001/XMLSchema-instance" xmlns:p="http://www.springframework.org/schema/p"
       xmlns:mvc="http://www.springframework.org/schema/mvc"
       xmlns:context="http://www.springframework.org/schema/context"
       xsi:schemaLocation="
        http://www.springframework.org/schema/beans
        http://www.springframework.org/schema/beans/spring-beans.xsd
        http://www.springframework.org/schema/mvc
        http://www.springframework.org/schema/mvc/spring-mvc.xsd
        http://www.springframework.org/schema/context
        http://www.springframework.org/schema/context/spring-context.xsd">

    <context:component-scan base-package="xing.rujuan"/>
    <mvc:annotation-driven/>

    <bean id="viewResolver" class="org.springframework.web.servlet.view.InternalResourceViewResolver">
        <property name="prefix" value="/WEB-INF/jsp/"/>
        <property name="suffix" value=".jsp"/>
    </bean>

    <bean class="org.springframework.web.servlet.view.ContentNegotiatingViewResolver">
        <property name="defaultViews">
            <list>
                <ref bean="jsonView"/>
                <ref bean="xmlView"/>
            </list>
        </property>
    </bean>

    <bean id="jsonView" class="org.springframework.web.servlet.view.json.MappingJackson2JsonView">
        <property name="prettyPrint" value="true"/>
    </bean>

    <bean id="xmlView" class="org.springframework.web.servlet.view.xml.MappingJackson2XmlView">
    </bean>

</beans>